{
  "global": {
    "duration_min": {
      "mean": 61.501489782608694,
      "std": 19.93328656218409,
      "min": 18.43317,
      "max": 98.41667,
      "median": 58.183335
    },
    "total_distance": {
      "mean": 4365.621565652173,
      "std": 1646.6102987303757,
      "min": 1161.93402,
      "max": 9376.14685,
      "median": 4531.3416099999995
    },
    "distance_sprint": {
      "mean": 35.272391739130434,
      "std": 60.35331648390004,
      "min": 0.0,
      "max": 243.37,
      "median": 2.665
    },
    "nb_sprints": {
      "mean": 1.8478260869565217,
      "std": 3.126712091385368,
      "min": 0.0,
      "max": 13.0,
      "median": 0.0
    },
    "vmax": {
      "mean": 24.822502608695657,
      "std": 3.2683696093281296,
      "min": 15.75644,
      "max": 30.23891,
      "median": 25.032175
    },
    "nb_acc": {
      "mean": 12.369565217391305,
      "std": 8.802420615697262,
      "min": 0.0,
      "max": 33.0,
      "median": 10.5
    },
    "nb_dec": {
      "mean": 13.543478260869565,
      "std": 9.2585252527102,
      "min": 1.0,
      "max": 36.0,
      "median": 12.0
    },
    "high_speed_running": {
      "mean": 182.54934956521737,
      "std": 235.26283721891144,
      "min": 0.0,
      "max": 965.35002,
      "median": 67.37
    },
    "player_load": {
      "mean": 515.7363154347826,
      "std": 194.21892827248362,
      "min": 168.56879,
      "max": 976.16723,
      "median": 528.579435
    },
    "meters_per_min": {
      "mean": 72.63578673913042,
      "std": 21.723690651537712,
      "min": 35.29926,
      "max": 116.00985,
      "median": 74.55123
    }
  },
  "per_position": {
    "Defenseur": {
      "duration_min": {
        "mean": 59.20293176470588,
        "std": 19.093824325036106,
        "count": 17
      },
      "total_distance": {
        "mean": 4585.011930000001,
        "std": 1940.0437365074608,
        "count": 17
      },
      "distance_sprint": {
        "mean": 38.24117705882353,
        "std": 65.74132988398887,
        "count": 17
      },
      "nb_sprints": {
        "mean": 2.176470588235294,
        "std": 3.6440927217492534,
        "count": 17
      },
      "vmax": {
        "mean": 24.952429411764708,
        "std": 3.7080360784491946,
        "count": 17
      },
      "nb_acc": {
        "mean": 11.058823529411764,
        "std": 8.377578619709382,
        "count": 17
      },
      "nb_dec": {
        "mean": 13.470588235294118,
        "std": 9.17276980428229,
        "count": 17
      },
      "high_speed_running": {
        "mean": 170.20059,
        "std": 236.7208196381978,
        "count": 17
      },
      "player_load": {
        "mean": 558.7298182352941,
        "std": 219.0949400994937,
        "count": 17
      },
      "meters_per_min": {
        "mean": 77.93451764705881,
        "std": 21.708458400049544,
        "count": 17
      }
    },
    "Attaquant": {
      "duration_min": {
        "mean": 55.90196333333333,
        "std": 17.74051984340203,
        "count": 18
      },
      "total_distance": {
        "mean": 4020.105943333334,
        "std": 1426.5108658136705,
        "count": 18
      },
      "distance_sprint": {
        "mean": 47.761111666666665,
        "std": 69.2014437994382,
        "count": 18
      },
      "nb_sprints": {
        "mean": 2.4444444444444446,
        "std": 3.311694469820232,
        "count": 18
      },
      "vmax": {
        "mean": 24.93259888888889,
        "std": 3.559354847161274,
        "count": 18
      },
      "nb_acc": {
        "mean": 12.38888888888889,
        "std": 7.897422430499184,
        "count": 18
      },
      "nb_dec": {
        "mean": 14.666666666666666,
        "std": 8.977095036486896,
        "count": 18
      },
      "high_speed_running": {
        "mean": 208.853335,
        "std": 262.2657597435001,
        "count": 18
      },
      "player_load": {
        "mean": 445.87037833333335,
        "std": 158.70381745758738,
        "count": 18
      },
      "meters_per_min": {
        "mean": 74.48981777777777,
        "std": 23.280545485195688,
        "count": 18
      }
    },
    "Inconnu": {
      "duration_min": {
        "mean": 96.58888999999999,
        "std": 1.5925482084696831,
        "count": 3
      },
      "total_distance": {
        "mean": 4967.154133333333,
        "std": 540.9256768562262,
        "count": 3
      },
      "distance_sprint": {
        "mean": 24.790000000000003,
        "std": 29.223086763721593,
        "count": 3
      },
      "nb_sprints": {
        "mean": 1.0,
        "std": 1.7320508075688772,
        "count": 3
      },
      "vmax": {
        "mean": 26.27708,
        "std": 0.7208237698633402,
        "count": 3
      },
      "nb_acc": {
        "mean": 28.666666666666668,
        "std": 5.131601439446884,
        "count": 3
      },
      "nb_dec": {
        "mean": 24.666666666666668,
        "std": 9.451631252505216,
        "count": 3
      },
      "high_speed_running": {
        "mean": 187.58666333333335,
        "std": 107.83601291219938,
        "count": 3
      },
      "player_load": {
        "mean": 504.5169466666666,
        "std": 74.9747557051854,
        "count": 3
      },
      "meters_per_min": {
        "mean": 51.45973333333333,
        "std": 6.005987321184862,
        "count": 3
      }
    },
    "Milieu": {
      "duration_min": {
        "mean": 65.82708500000001,
        "std": 17.704922316187343,
        "count": 8
      },
      "total_distance": {
        "mean": 4451.25247875,
        "std": 1792.802045354981,
        "count": 8
      },
      "distance_sprint": {
        "mean": 4.795,
        "std": 11.505531588886152,
        "count": 8
      },
      "nb_sprints": {
        "mean": 0.125,
        "std": 0.3535533905932738,
        "count": 8
      },
      "vmax": {
        "mean": 23.753225,
        "std": 2.0105655960663684,
        "count": 8
      },
      "nb_acc": {
        "mean": 9.0,
        "std": 6.90755280213519,
        "count": 8
      },
      "nb_dec": {
        "mean": 7.0,
        "std": 5.68205194324324,
        "count": 8
      },
      "high_speed_running": {
        "mean": 147.71750375,
        "std": 231.97802669253903,
        "count": 8
      },
      "player_load": {
        "mean": 585.78074375,
        "std": 217.47578470536652,
        "count": 8
      },
      "meters_per_min": {
        "mean": 65.14543375,
        "std": 17.225671011419422,
        "count": 8
      }
    }
  },
  "n_total_sessions": 46,
  "n_players": 5,
  "players": [
    "Adam Mohamed ABID",
    "Ammar BOULKAMH",
    "Ismail CHBILI",
    "Mehdi AMEHMOUL",
    "Yahya IGUIZ"
  ],
  "positions_distribution": {
    "Attaquant": 18,
    "Defenseur": 17,
    "Milieu": 8,
    "Inconnu": 3
  },
  "date_range": {
    "start": "2024-12-09",
    "end": "2025-10-13"
  }
}