{
  "best_model": "RandomForest",
  "random_forest": {
    "auc": 0.6850371559419126,
    "precision": 0.30201342281879195,
    "recall": 0.22556390977443608,
    "f1": 0.2582496413199426,
    "threshold": 0.38000000000000006,
    "confusion_matrix": [
      [
        5113,
        208
      ],
      [
        309,
        90
      ]
    ]
  },
  "gradient_boosting": {
    "auc": 0.6715868792447195,
    "precision": 0.2268041237113402,
    "recall": 0.2756892230576441,
    "f1": 0.248868778280543,
    "threshold": 0.14,
    "confusion_matrix": [
      [
        4946,
        375
      ],
      [
        289,
        110
      ]
    ]
  },
  "xgboost": {
    "auc": 0.6541782006227748,
    "precision": 0.1901931649331352,
    "recall": 0.3208020050125313,
    "f1": 0.23880597014925373,
    "threshold": 0.28,
    "confusion_matrix": [
      [
        4776,
        545
      ],
      [
        271,
        128
      ]
    ]
  },
  "n_train": 22880,
  "n_test": 5720,
  "n_features": 54,
  "trained_at": "2026-05-16T01:04:59.939625"
}